<?xml version="1.0" encoding="utf-8"?>
<install type="component" version="1.5.0" method="upgrade">
    <name>TweetScheduler</name>
    <author>Yireo</author>
    <authoremail>support@yireo.com</authoremail>
    <authorurl>http://www.yireo.com</authorurl>
    <creationDate>November 2012</creationDate>
    <copyright>Copyright 2012 Yireo (http://www.yireo.com/)</copyright>
    <license>http://www.gnu.org/licenses/gpl-3.0.html GNU/GPL</license>
    <version>0.2.5</version>
    <description>This component allows to schedule Twitter messages</description>

    <!-- installation part -->
    <install>
        <queries>
            <query>
                CREATE TABLE IF NOT EXISTS `#__tweetscheduler_tweets` (
                  `id` int(11) NOT NULL auto_increment,
                  `account_id` int(11) NOT NULL,
                  `category_id` int(11) NOT NULL default '0',
                  `message` varchar(140) NOT NULL,
                  `post_date` datetime NOT NULL,
                  `post_state` tinyint(1) NOT NULL,
                  `post_id` varchar(32) NOT NULL,
                  `post_error` varchar(255) NOT NULL,
                  `published` tinyint(1) NOT NULL,
                  `checked_out` int(11) NOT NULL default '0',
                  `checked_out_time` datetime NOT NULL default '0000-00-00 00:00:00',
                  `ordering` int(11) NOT NULL,
                  `params` text NOT NULL,
                  PRIMARY KEY  (`id`)
                ) ENGINE=MyISAM  DEFAULT CHARSET=utf8;
            </query>
            <query>
                CREATE TABLE IF NOT EXISTS `#__tweetscheduler_categories` (
                  `id` int(11) NOT NULL auto_increment,
                  `title` varchar(140) NOT NULL,
                  `url` varchar(255) NOT NULL,
                  `published` tinyint(1) NOT NULL,
                  `checked_out` int(11) NOT NULL default '0',
                  `checked_out_time` datetime NOT NULL default '0000-00-00 00:00:00',
                  `ordering` int(11) NOT NULL,
                  `params` text NOT NULL,
                  PRIMARY KEY  (`id`)
                ) ENGINE=MyISAM  DEFAULT CHARSET=utf8;
            </query>
            <query>
                CREATE TABLE IF NOT EXISTS `#__tweetscheduler_accounts` (
                  `id` int(11) NOT NULL auto_increment,
                  `title` varchar(140) NOT NULL,
                  `consumer_key` varchar(255) NOT NULL,
                  `consumer_secret` varchar(255) NOT NULL,
                  `oauth_token` varchar(255) NOT NULL,
                  `oauth_token_secret` varchar(255) NOT NULL,
                  `published` tinyint(1) NOT NULL,
                  `checked_out` int(11) NOT NULL default '0',
                  `checked_out_time` datetime NOT NULL default '0000-00-00 00:00:00',
                  `ordering` int(11) NOT NULL,
                  `params` text NOT NULL,
                  PRIMARY KEY  (`id`)
                ) ENGINE=MyISAM  DEFAULT CHARSET=utf8;
            </query>
        </queries>
    </install>

    <uninstall>
        <queries>
            <query>
            DROP TABLE IF EXISTS `#__tweetscheduler_tweets`;
            </query>
            <query>
            DROP TABLE IF EXISTS `#__tweetscheduler_categories`;
            </query>
            <query>
            DROP TABLE IF EXISTS `#__tweetscheduler_accounts`;
            </query>
        </queries>
    </uninstall>

    <files folder="components/com_tweetscheduler">
        <filename>index.html</filename>
        <filename>tweetscheduler.php</filename>
    </files>

    <administration>

        <menu task="default" img="../media/com_tweetscheduler/images/menu-icon.png">TweetScheduler</menu>
        <submenu>
            <menu link="option=com_tweetscheduler&amp;view=home">Home</menu>
            <menu link="option=com_tweetscheduler&amp;view=tweets">Tweets</menu>
            <menu link="option=com_tweetscheduler&amp;view=categories">Categories</menu>
            <menu link="option=com_tweetscheduler&amp;view=accounts">Accounts</menu>
        </submenu>

        <files>
            <filename>tweetscheduler.xml</filename>
        </files>
        <files folder="administrator/components/com_tweetscheduler">
            <filename>config.xml</filename>
            <filename>controller.php</filename>
            <filename>index.html</filename>
            <filename>tweetscheduler.php</filename>
            <folder>helpers</folder>
            <folder>lib</folder>
            <folder>models</folder>
            <folder>tables</folder>
            <folder>views</folder>
        </files>

        <languages folder="administrator/language/en-GB">
            <language tag="en-GB">en-GB.com_tweetscheduler.menu.ini</language>
            <language tag="en-GB">en-GB.com_tweetscheduler.ini</language>
        </languages>

    </administration>

    <media folder="media">
        <folder>com_tweetscheduler</folder>
    </media>

</install>
