<?xml version="1.0" encoding="utf-8"?>
<form>
    <fields name="params">
        <fieldset name="params" addfieldpath="administrator/components/com_tweetscheduler/fields">
            <field name="page" type="page" default="0" label="COM_TWEETSCHEDULER_ACCOUNT_PARAM_PAGE" description="COM_TWEETSCHEDULER_ACCOUNT_PARAM_PAGE_DESC" />

            <field name="default" type="radio" class="btn-group" default="0" label="JDEFAULT" labelclass="control-label" description="">
                <option value="0">JNO</option>
                <option value="1">JYES</option>
            </field>
        </fieldset>
    </fields>
</form>
