<?xml version="1.0" encoding="utf-8"?>
<extension type="component" version="1.6.0" method="upgrade">
    <name>TweetScheduler</name>
    <author>Yireo</author>
    <authoremail>support@yireo.com</authoremail>
    <authorurl>http://www.yireo.com</authorurl>
    <creationDate>May 2012</creationDate>
    <copyright>Copyright 2012 Yireo.com</copyright>
    <license>http://www.gnu.org/licenses/gpl-2.0.html GNU/GPL</license>
    <version>0.2.4</version>
    <description>This component allows to schedule Twitter messages</description>

    <!-- installation part -->
    <install>
        <sql>
            <file driver="mysql" charset="utf8">sql/install.mysql.utf8.sql</file>
        </sql>
    </install>
    <uninstall>
        <sql>
            <file driver="mysql" charset="utf8">sql/uninstall.mysql.utf8.sql</file>
        </sql>
    </uninstall>
    <update>
        <schemas>
             <schemapath type="mysql">sql</schemapath>
        </schemas>
    </update>

    <scriptfile>script.tweetscheduler.php</scriptfile>

    <files folder="components/com_tweetscheduler">
        <filename>index.html</filename>
        <filename>tweetscheduler.php</filename>
    </files>
    
    <!-- administration part -->
    <administration>

        <menu task="default" img="../media/com_tweetscheduler/images/menu-icon.png">COM_TWEETSCHEDULER</menu>
        <submenu>
            <menu link="option=com_tweetscheduler&amp;view=home">COM_TWEETSCHEDULER_HOME</menu>
            <menu link="option=com_tweetscheduler&amp;view=tweets">COM_TWEETSCHEDULER_TWEETS</menu>
            <menu link="option=com_tweetscheduler&amp;view=categories">COM_TWEETSCHEDULER_CATEGORIES</menu>
            <menu link="option=com_tweetscheduler&amp;view=accounts">COM_TWEETSCHEDULER_ACCOUNTS</menu>
        </submenu>

        <files folder="administrator/components/com_tweetscheduler">
            <filename>config.xml</filename>
            <filename>controller.php</filename>
            <filename>index.html</filename>
            <filename>tweetscheduler.php</filename>
            <folder>helpers</folder>
            <folder>lib</folder>
            <folder>models</folder>
            <folder>sql</folder>
            <folder>tables</folder>
            <folder>views</folder>
        </files>
        <files>
            <filename>tweetscheduler.xml</filename>
        </files>

        <languages folder="administrator/language/en-GB">
            <language tag="en-GB">en-GB.com_tweetscheduler.sys.ini</language>
            <language tag="en-GB">en-GB.com_tweetscheduler.ini</language>
        </languages>

    </administration>
    
    <media folder="media">
        <folder>com_tweetscheduler</folder>
    </media>
</extension>
