<?xml version="1.0" encoding="utf-8"?>
<form>
    <fields name="params">
        <fieldset name="params">
            <field name="reschedule" type="list" default="0" label="COM_TWEETSCHEDULER_TWEET_PARAM_RESCHEDULE" description="COM_TWEETSCHEDULER_TWEET_PARAM_RESCHEDULE_DESC">
                <option value="">No</option>
                <option value="1day">1 Day Later</option>
                <option value="2day">2 Days Later</option>
                <option value="3day">3 Days Later</option>
                <option value="4day">4 Days Later</option>
                <option value="5day">5 Days Later</option>
                <option value="6day">6 Days Later</option>
                <option value="1week">1 Week Later</option>
                <option value="2week">2 Weeks Later</option>
                <option value="3week">3 Weeks Later</option>
                <option value="1month">1 Month Later</option>
                <option value="2month">2 Month Later</option>
                <option value="3month">3 Month Later</option>
                <option value="6month">6 Month Later</option>
                <option value="1year">1 Year Later</option>
            </field>
        </fieldset>
    </fields>
    <params>
        <param name="reschedule" type="list" default="0" label="COM_TWEETSCHEDULER_TWEET_PARAM_RESCHEDULE" description="COM_TWEETSCHEDULER_TWEET_PARAM_RESCHEDULE_DESC">
            <option value="">No</option>
            <option value="1day">1 Day Later</option>
            <option value="2day">2 Days Later</option>
            <option value="3day">3 Days Later</option>
            <option value="4day">4 Days Later</option>
            <option value="5day">5 Days Later</option>
            <option value="6day">6 Days Later</option>
            <option value="1week">1 Week Later</option>
            <option value="2week">2 Weeks Later</option>
            <option value="3week">3 Weeks Later</option>
            <option value="1month">1 Month Later</option>
            <option value="2month">2 Month Later</option>
            <option value="3month">3 Month Later</option>
            <option value="6month">6 Month Later</option>
            <option value="1year">1 Year Later</option>
        </param>
    </params>
</form>
