<?xml version="1.0" encoding="UTF-8" ?>
<extension type="package" version="3.3" method="upgrade">
    <name>TweetScheduler</name>
    <packagename>tweetscheduler</packagename>
    <author>Yireo</author>
    <authoremail>support@yireo.com</authoremail>
    <authorurl>http://www.yireo.com</authorurl>
    <creationDate>May 2015</creationDate>
    <copyright>Copyright 2015 Yireo.com</copyright>
    <license>http://www.gnu.org/licenses/gpl-3.0.html GNU/GPL</license>
    <version>0.2.21</version>
    <url>http://www.yireo.com</url>
    <packager>Yireo</packager>
    <packagerurl>http://www.yireo.com</packagerurl>

    <files>
        <file type="plugin" id="plg_editors-xtd_tweetscheduler" group="editors-xtd">plg_editors-xtd_tweetscheduler_j3x.zip</file>
        <file type="component" id="com_tweetscheduler" >com_tweetscheduler_j3x.zip</file>
    </files>
</extension>
